{
    "1": {
        "precision": 0.5285714285714286,
        "recall": 0.3171428571428571,
        "f1-score": 0.3964285714285714,
        "support": 350.0
    },
    "2": {
        "precision": 0.5243636363636364,
        "recall": 0.5262773722627737,
        "f1-score": 0.5253187613843352,
        "support": 1370.0
    },
    "3": {
        "precision": 0.48507462686567165,
        "recall": 0.5764966740576497,
        "f1-score": 0.5268490374873354,
        "support": 1804.0
    },
    "4": {
        "precision": 0.4803073967339097,
        "recall": 0.45004500450045004,
        "f1-score": 0.4646840148698885,
        "support": 1111.0
    },
    "5": {
        "precision": 0.40350877192982454,
        "recall": 0.25461254612546125,
        "f1-score": 0.31221719457013575,
        "support": 271.0
    },
    "6": {
        "precision": 0.2,
        "recall": 0.025,
        "f1-score": 0.044444444444444446,
        "support": 40.0
    },
    "accuracy": 0.4937323089365144,
    "macro avg": {
        "precision": 0.43697097674407853,
        "recall": 0.3582624090148652,
        "f1-score": 0.37832367069745176,
        "support": 4946.0
    },
    "weighted avg": {
        "precision": 0.4911898915584735,
        "recall": 0.4937323089365144,
        "f1-score": 0.48757075308338516,
        "support": 4946.0
    }
}