{
    "1": {
        "precision": 0.5064377682403434,
        "recall": 0.33714285714285713,
        "f1-score": 0.40480274442538594,
        "support": 350.0
    },
    "2": {
        "precision": 0.5225362872421696,
        "recall": 0.4992700729927007,
        "f1-score": 0.5106382978723404,
        "support": 1370.0
    },
    "3": {
        "precision": 0.48007414272474513,
        "recall": 0.5742793791574279,
        "f1-score": 0.5229681978798587,
        "support": 1804.0
    },
    "4": {
        "precision": 0.47895229186155286,
        "recall": 0.4608460846084608,
        "f1-score": 0.46972477064220186,
        "support": 1111.0
    },
    "5": {
        "precision": 0.4176470588235294,
        "recall": 0.26199261992619927,
        "f1-score": 0.3219954648526077,
        "support": 271.0
    },
    "6": {
        "precision": 0.14285714285714285,
        "recall": 0.025,
        "f1-score": 0.0425531914893617,
        "support": 40.0
    },
    "accuracy": 0.48968863728265266,
    "macro avg": {
        "precision": 0.42475078195824717,
        "recall": 0.3597551689712743,
        "f1-score": 0.37878044452695936,
        "support": 4946.0
    },
    "weighted avg": {
        "precision": 0.4873017227648564,
        "recall": 0.48968863728265266,
        "f1-score": 0.48433424513291035,
        "support": 4946.0
    }
}