{
    "1": {
        "precision": 0.49356223175965663,
        "recall": 0.32857142857142857,
        "f1-score": 0.39451114922813035,
        "support": 350.0
    },
    "2": {
        "precision": 0.518320610687023,
        "recall": 0.49562043795620436,
        "f1-score": 0.5067164179104477,
        "support": 1370.0
    },
    "3": {
        "precision": 0.48378127896200185,
        "recall": 0.5787139689578714,
        "f1-score": 0.5270065623422514,
        "support": 1804.0
    },
    "4": {
        "precision": 0.48347497639282344,
        "recall": 0.4608460846084608,
        "f1-score": 0.471889400921659,
        "support": 1111.0
    },
    "5": {
        "precision": 0.3942857142857143,
        "recall": 0.25461254612546125,
        "f1-score": 0.3094170403587444,
        "support": 271.0
    },
    "6": {
        "precision": 0.09090909090909091,
        "recall": 0.025,
        "f1-score": 0.0392156862745098,
        "support": 40.0
    },
    "accuracy": 0.4892842701172665,
    "macro avg": {
        "precision": 0.4107223171660517,
        "recall": 0.357227411036571,
        "f1-score": 0.37479270950595706,
        "support": 4946.0
    },
    "weighted avg": {
        "precision": 0.4858908079225175,
        "recall": 0.4892842701172665,
        "f1-score": 0.4837626370895156,
        "support": 4946.0
    }
}